,predictions,target
0,2.0,2.0
1,0.0,7.0
2,1.0,1.0
3,9.0,4.0
4,1.0,6.0
5,2.0,2.0
6,0.0,0.0
7,9.0,4.0
8,9.0,6.0
9,9.0,3.0
10,7.0,7.0
11,1.0,1.0
12,0.0,0.0
13,2.0,2.0
14,2.0,2.0
15,5.0,5.0
16,3.0,2.0
17,9.0,4.0
18,9.0,8.0
19,9.0,1.0
20,7.0,7.0
21,9.0,3.0
22,0.0,0.0
23,9.0,3.0
24,9.0,3.0
25,9.0,7.0
26,3.0,7.0
27,9.0,9.0
28,1.0,1.0
29,9.0,3.0
30,5.0,3.0
31,3.0,4.0
32,0.0,3.0
33,4.0,4.0
34,0.0,2.0
35,9.0,8.0
36,9.0,8.0
37,9.0,9.0
38,9.0,8.0
39,9.0,4.0
40,9.0,7.0
41,9.0,1.0
42,9.0,6.0
43,9.0,9.0
44,9.0,4.0
45,9.0,0.0
46,1.0,1.0
47,8.0,3.0
48,9.0,6.0
49,2.0,2.0
50,1.0,1.0
51,4.0,4.0
52,9.0,5.0
53,2.0,2.0
54,0.0,8.0
55,0.0,8.0
56,5.0,9.0
57,3.0,3.0
58,0.0,0.0
59,8.0,8.0
60,4.0,4.0
61,1.0,7.0
62,6.0,6.0
63,1.0,2.0
64,2.0,2.0
65,4.0,4.0
66,6.0,6.0
67,1.0,4.0
68,3.0,4.0
69,1.0,8.0
70,2.0,2.0
71,1.0,1.0
72,1.0,2.0
73,9.0,3.0
74,1.0,2.0
75,9.0,5.0
76,9.0,7.0
77,3.0,9.0
78,9.0,9.0
79,5.0,5.0
80,1.0,1.0
81,3.0,3.0
82,2.0,9.0
83,2.0,2.0
84,3.0,5.0
85,2.0,0.0
86,1.0,4.0
87,9.0,7.0
88,9.0,5.0
89,9.0,8.0
90,1.0,1.0
91,0.0,0.0
92,2.0,2.0
93,4.0,4.0
94,2.0,2.0
95,3.0,0.0
96,0.0,8.0
97,4.0,4.0
98,9.0,5.0
99,7.0,7.0
100,1.0,1.0
101,5.0,7.0
102,3.0,6.0
103,0.0,0.0
104,8.0,8.0
105,3.0,1.0
106,7.0,4.0
107,1.0,1.0
108,4.0,9.0
109,3.0,3.0
110,9.0,5.0
111,4.0,4.0
112,3.0,3.0
113,7.0,7.0
114,6.0,6.0
115,3.0,8.0
116,1.0,0.0
117,0.0,0.0
118,0.0,2.0
119,0.0,0.0
120,6.0,4.0
121,9.0,6.0
122,1.0,4.0
123,1.0,6.0
124,9.0,9.0
125,3.0,7.0
126,8.0,8.0
127,6.0,9.0
128,0.0,1.0
129,9.0,8.0
130,4.0,8.0
131,1.0,8.0
132,3.0,0.0
133,9.0,4.0
134,1.0,1.0
135,9.0,3.0
136,9.0,6.0
137,1.0,1.0
138,9.0,5.0
139,3.0,0.0
140,3.0,5.0
141,8.0,5.0
142,3.0,3.0
143,0.0,4.0
144,7.0,7.0
145,2.0,2.0
146,6.0,6.0
147,7.0,7.0
148,9.0,7.0
149,6.0,6.0
150,9.0,6.0
151,9.0,7.0
152,0.0,0.0
153,1.0,1.0
154,9.0,9.0
155,9.0,8.0
156,4.0,4.0
157,3.0,1.0
158,1.0,0.0
159,6.0,6.0
160,3.0,7.0
161,5.0,5.0
162,6.0,1.0
163,3.0,8.0
164,9.0,9.0
165,4.0,6.0
166,1.0,3.0
167,9.0,9.0
168,4.0,4.0
169,9.0,8.0
170,5.0,5.0
171,8.0,8.0
172,9.0,9.0
173,3.0,4.0
174,3.0,0.0
175,9.0,8.0
176,3.0,2.0
177,0.0,0.0
178,3.0,3.0
179,9.0,8.0
180,3.0,2.0
181,0.0,0.0
182,5.0,5.0
183,9.0,7.0
184,6.0,6.0
185,9.0,1.0
186,5.0,4.0
187,9.0,9.0
188,1.0,1.0
189,4.0,4.0
190,3.0,2.0
191,9.0,9.0
192,2.0,2.0
193,3.0,2.0
194,3.0,3.0
195,3.0,3.0
196,7.0,7.0
197,5.0,5.0
198,9.0,2.0
199,7.0,5.0
200,0.0,0.0
201,6.0,6.0
202,8.0,1.0
203,5.0,5.0
204,9.0,9.0
205,3.0,9.0
206,2.0,9.0
207,9.0,4.0
208,7.0,7.0
209,8.0,1.0
210,7.0,7.0
211,2.0,2.0
212,2.0,3.0
213,4.0,1.0
214,4.0,4.0
215,9.0,3.0
216,9.0,2.0
217,4.0,4.0
218,3.0,3.0
219,4.0,4.0
220,9.0,3.0
221,8.0,2.0
222,3.0,0.0
223,0.0,0.0
224,5.0,5.0
225,9.0,9.0
226,9.0,1.0
227,4.0,6.0
228,1.0,4.0
229,2.0,2.0
230,9.0,3.0
231,5.0,5.0
232,9.0,5.0
233,9.0,1.0
234,2.0,8.0
235,7.0,7.0
236,7.0,7.0
237,4.0,4.0
238,3.0,5.0
239,0.0,0.0
240,0.0,0.0
241,8.0,1.0
242,9.0,7.0
243,6.0,6.0
244,9.0,9.0
245,4.0,4.0
246,9.0,6.0
247,8.0,8.0
248,3.0,9.0
249,5.0,6.0
250,4.0,1.0
251,5.0,5.0
252,9.0,1.0
253,9.0,0.0
254,5.0,5.0
255,1.0,6.0
256,9.0,5.0
257,8.0,8.0
258,6.0,6.0
259,9.0,9.0
260,9.0,5.0
261,6.0,6.0
262,5.0,8.0
263,2.0,1.0
264,7.0,7.0
265,7.0,0.0
266,8.0,8.0
267,4.0,1.0
268,6.0,6.0
269,5.0,3.0
270,8.0,3.0
271,9.0,2.0
272,7.0,7.0
273,4.0,1.0
274,9.0,9.0
275,2.0,2.0
276,9.0,0.0
277,4.0,4.0
278,6.0,6.0
279,3.0,3.0
280,5.0,5.0
281,9.0,9.0
282,3.0,3.0
283,4.0,4.0
284,3.0,3.0
285,6.0,6.0
286,3.0,3.0
287,9.0,2.0
288,7.0,5.0
289,5.0,0.0
290,6.0,6.0
291,8.0,9.0
292,0.0,0.0
293,8.0,9.0
294,5.0,0.0
295,8.0,8.0
296,8.0,6.0
297,6.0,6.0
298,3.0,3.0
299,9.0,1.0
300,3.0,3.0
301,3.0,8.0
302,5.0,9.0
303,1.0,1.0
304,3.0,6.0
305,9.0,5.0
306,2.0,0.0
307,4.0,4.0
308,6.0,6.0
309,6.0,6.0
310,9.0,9.0
311,0.0,4.0
312,7.0,7.0
313,5.0,8.0
314,1.0,1.0
315,7.0,7.0
316,3.0,3.0
317,7.0,7.0
318,8.0,8.0
319,4.0,4.0
320,6.0,6.0
321,9.0,3.0
322,9.0,5.0
323,9.0,9.0
324,0.0,8.0
325,7.0,9.0
326,8.0,8.0
327,9.0,1.0
328,7.0,7.0
329,0.0,0.0
330,6.0,6.0
331,7.0,7.0
332,7.0,7.0
333,7.0,7.0
334,0.0,6.0
335,4.0,4.0
336,4.0,1.0
337,3.0,3.0
338,8.0,5.0
339,3.0,5.0
340,0.0,7.0
341,5.0,5.0
342,1.0,1.0
343,9.0,5.0
344,7.0,7.0
345,8.0,2.0
346,7.0,7.0
347,4.0,5.0
348,1.0,0.0
349,2.0,2.0
350,1.0,6.0
351,5.0,8.0
352,8.0,3.0
353,7.0,7.0
354,0.0,4.0
355,3.0,2.0
356,2.0,7.0
357,8.0,3.0
358,5.0,4.0
359,0.0,4.0
360,1.0,1.0
361,0.0,9.0
362,1.0,1.0
363,7.0,7.0
364,7.0,7.0
365,2.0,2.0
366,3.0,6.0
367,3.0,3.0
368,0.0,5.0
369,3.0,5.0
370,9.0,9.0
371,2.0,2.0
372,3.0,2.0
373,7.0,7.0
374,6.0,6.0
375,9.0,4.0
376,1.0,8.0
377,2.0,2.0
378,9.0,1.0
379,2.0,2.0
380,9.0,3.0
381,5.0,9.0
382,0.0,0.0
383,7.0,1.0
384,2.0,2.0
385,5.0,5.0
386,9.0,3.0
387,3.0,3.0
388,0.0,9.0
389,3.0,4.0
390,6.0,6.0
391,6.0,8.0
392,4.0,3.0
393,0.0,5.0
394,9.0,6.0
395,2.0,4.0
396,6.0,6.0
397,3.0,5.0
398,6.0,6.0
399,2.0,1.0
400,8.0,8.0
401,3.0,8.0
402,1.0,9.0
403,9.0,6.0
404,9.0,3.0
405,9.0,0.0
406,4.0,4.0
407,1.0,8.0
408,4.0,9.0
409,9.0,3.0
410,0.0,0.0
411,0.0,0.0
412,4.0,9.0
413,9.0,1.0
414,1.0,1.0
415,8.0,5.0
416,3.0,7.0
417,8.0,6.0
418,8.0,8.0
419,3.0,7.0
420,4.0,4.0
421,9.0,9.0
422,7.0,0.0
423,1.0,1.0
424,4.0,4.0
425,4.0,4.0
426,0.0,0.0
427,3.0,6.0
428,4.0,5.0
429,3.0,5.0
430,8.0,7.0
431,9.0,2.0
432,2.0,2.0
433,0.0,0.0
434,2.0,2.0
435,3.0,2.0
436,2.0,2.0
437,1.0,8.0
438,4.0,4.0
439,3.0,7.0
440,9.0,5.0
441,3.0,7.0
442,5.0,9.0
443,3.0,3.0
444,3.0,9.0
445,9.0,7.0
446,5.0,9.0
447,4.0,5.0
448,5.0,5.0
449,3.0,3.0
450,3.0,5.0
451,8.0,2.0
452,4.0,4.0
453,3.0,9.0
454,7.0,7.0
455,6.0,1.0
456,8.0,2.0
457,3.0,5.0
458,7.0,4.0
459,9.0,5.0
460,8.0,2.0
461,6.0,6.0
462,8.0,2.0
463,9.0,9.0
464,5.0,3.0
465,0.0,0.0
466,9.0,5.0
467,1.0,1.0
468,7.0,3.0
469,7.0,7.0
470,8.0,2.0
471,6.0,6.0
472,6.0,5.0
473,7.0,7.0
474,0.0,5.0
475,0.0,0.0
476,9.0,2.0
477,2.0,7.0
478,8.0,3.0
479,9.0,1.0
480,8.0,8.0
481,0.0,0.0
482,7.0,7.0
483,2.0,2.0
484,6.0,6.0
485,4.0,4.0
486,8.0,5.0
487,6.0,6.0
488,8.0,3.0
489,0.0,9.0
490,1.0,1.0
491,6.0,6.0
492,8.0,7.0
493,3.0,3.0
494,3.0,3.0
495,7.0,9.0
496,4.0,4.0
497,8.0,8.0
498,1.0,1.0
499,8.0,7.0
500,3.0,3.0
501,2.0,2.0
502,2.0,1.0
503,8.0,3.0
504,2.0,1.0
505,3.0,7.0
506,2.0,2.0
507,4.0,4.0
508,0.0,8.0
509,4.0,4.0
510,8.0,5.0
511,5.0,5.0
512,0.0,4.0
513,3.0,3.0
514,3.0,3.0
515,0.0,0.0
516,0.0,0.0
517,0.0,0.0
518,1.0,1.0
519,9.0,9.0
520,2.0,2.0
521,5.0,9.0
522,5.0,5.0
523,7.0,7.0
524,9.0,9.0
525,1.0,1.0
526,0.0,0.0
527,3.0,3.0
528,0.0,5.0
529,4.0,4.0
530,4.0,0.0
531,1.0,8.0
532,3.0,7.0
533,4.0,6.0
534,9.0,9.0
535,6.0,6.0
536,9.0,8.0
537,7.0,0.0
538,3.0,3.0
539,1.0,8.0
540,6.0,3.0
541,5.0,5.0
542,3.0,2.0
543,0.0,0.0
544,5.0,5.0
545,5.0,9.0
546,0.0,0.0
547,3.0,3.0
548,1.0,1.0
549,8.0,8.0
550,0.0,8.0
551,0.0,0.0
552,8.0,1.0
553,0.0,0.0
554,6.0,2.0
555,8.0,8.0
556,0.0,0.0
557,7.0,7.0
558,6.0,6.0
559,3.0,2.0
560,5.0,3.0
561,6.0,3.0
562,1.0,6.0
563,2.0,5.0
564,9.0,9.0
565,9.0,5.0
566,7.0,7.0
567,5.0,5.0
568,8.0,6.0
569,4.0,0.0
570,4.0,4.0
571,5.0,7.0
572,2.0,1.0
573,8.0,8.0
574,1.0,1.0
575,4.0,4.0
576,0.0,0.0
577,9.0,7.0
578,9.0,5.0
579,4.0,4.0
580,3.0,3.0
581,0.0,0.0
582,4.0,0.0
583,4.0,3.0
584,0.0,9.0
585,3.0,3.0
586,7.0,7.0
587,5.0,7.0
588,0.0,4.0
589,4.0,9.0
590,3.0,3.0
591,8.0,1.0
592,0.0,0.0
593,4.0,1.0
594,8.0,7.0
595,8.0,5.0
596,3.0,3.0
597,2.0,2.0
598,2.0,1.0
599,1.0,1.0
600,1.0,1.0
601,3.0,3.0
602,8.0,2.0
603,8.0,5.0
604,1.0,1.0
605,3.0,2.0
606,5.0,5.0
607,4.0,4.0
608,7.0,7.0
609,6.0,7.0
610,9.0,9.0
611,3.0,1.0
612,3.0,8.0
613,3.0,3.0
614,2.0,7.0
615,5.0,5.0
616,0.0,0.0
617,1.0,1.0
618,2.0,2.0
619,8.0,4.0
620,4.0,4.0
621,8.0,8.0
622,1.0,1.0
623,3.0,7.0
624,0.0,0.0
625,1.0,8.0
626,0.0,0.0
627,3.0,3.0
628,4.0,4.0
629,4.0,4.0
630,2.0,4.0
631,7.0,7.0
632,3.0,1.0
633,1.0,1.0
634,0.0,6.0
635,3.0,9.0
636,4.0,5.0
637,5.0,5.0
638,8.0,8.0
639,4.0,4.0
640,7.0,2.0
641,5.0,8.0
642,0.0,8.0
643,2.0,2.0
644,2.0,3.0
645,0.0,0.0
646,8.0,3.0
647,6.0,6.0
648,8.0,8.0
649,5.0,5.0
650,5.0,3.0
651,7.0,7.0
652,6.0,6.0
653,9.0,7.0
654,9.0,7.0
655,9.0,8.0
656,9.0,0.0
657,1.0,1.0
658,8.0,8.0
659,6.0,6.0
660,1.0,1.0
661,6.0,6.0
662,5.0,8.0
663,0.0,0.0
664,0.0,0.0
665,5.0,8.0
666,3.0,8.0
667,9.0,6.0
668,9.0,4.0
669,5.0,5.0
670,8.0,7.0
671,3.0,3.0
672,9.0,3.0
673,5.0,5.0
674,9.0,9.0
675,1.0,1.0
676,9.0,4.0
677,9.0,3.0
678,9.0,9.0
679,2.0,5.0
680,3.0,3.0
681,6.0,1.0
682,9.0,0.0
683,1.0,8.0
684,3.0,3.0
685,5.0,7.0
686,0.0,9.0
687,0.0,0.0
688,9.0,7.0
689,7.0,1.0
690,6.0,2.0
691,9.0,2.0
692,8.0,7.0
693,6.0,6.0
694,9.0,3.0
695,3.0,5.0
696,5.0,9.0
697,7.0,7.0
698,6.0,6.0
699,9.0,3.0
700,6.0,8.0
701,3.0,3.0
702,2.0,8.0
703,9.0,4.0
704,5.0,3.0
705,7.0,3.0
706,5.0,4.0
707,7.0,7.0
708,3.0,3.0
709,6.0,6.0
710,0.0,6.0
711,3.0,4.0
712,7.0,7.0
713,1.0,1.0
714,0.0,2.0
715,7.0,7.0
716,6.0,6.0
717,5.0,8.0
718,5.0,9.0
719,9.0,9.0
720,9.0,9.0
721,9.0,3.0
722,0.0,0.0
723,6.0,6.0
724,7.0,7.0
725,2.0,6.0
726,3.0,3.0
727,5.0,5.0
728,1.0,1.0
729,2.0,2.0
730,1.0,1.0
731,3.0,5.0
732,4.0,2.0
733,4.0,9.0
734,0.0,0.0
735,5.0,0.0
736,1.0,1.0
737,6.0,1.0
738,9.0,0.0
739,6.0,6.0
740,7.0,4.0
741,9.0,9.0
742,6.0,6.0
743,9.0,4.0
744,5.0,1.0
745,8.0,2.0
746,5.0,0.0
747,9.0,9.0
748,5.0,1.0
749,9.0,3.0
750,6.0,6.0
751,9.0,9.0
752,0.0,0.0
753,0.0,4.0
754,7.0,4.0
755,2.0,2.0
756,2.0,5.0
757,8.0,3.0
758,6.0,6.0
759,3.0,3.0
760,6.0,6.0
761,0.0,9.0
762,0.0,0.0
763,3.0,2.0
764,7.0,7.0
765,2.0,0.0
766,9.0,7.0
767,3.0,7.0
768,9.0,7.0
769,9.0,9.0
770,0.0,9.0
771,8.0,8.0
772,2.0,6.0
773,8.0,8.0
774,0.0,3.0
775,3.0,8.0
776,5.0,3.0
777,6.0,6.0
778,5.0,5.0
779,3.0,9.0
780,9.0,4.0
781,6.0,6.0
782,3.0,7.0
783,7.0,7.0
784,0.0,0.0
785,4.0,4.0
786,9.0,9.0
787,2.0,2.0
788,2.0,1.0
789,3.0,8.0
790,0.0,0.0
791,2.0,1.0
792,2.0,2.0
793,0.0,0.0
794,3.0,9.0
795,9.0,1.0
796,9.0,7.0
797,0.0,0.0
798,1.0,1.0
799,7.0,7.0
800,3.0,7.0
801,3.0,8.0
802,7.0,4.0
803,9.0,7.0
804,3.0,3.0
805,1.0,9.0
806,8.0,5.0
807,5.0,7.0
808,6.0,6.0
809,5.0,5.0
810,1.0,4.0
811,3.0,1.0
812,5.0,5.0
813,1.0,8.0
814,2.0,3.0
815,5.0,5.0
816,4.0,9.0
817,9.0,9.0
818,0.0,0.0
819,0.0,2.0
820,5.0,4.0
821,2.0,8.0
822,6.0,6.0
823,6.0,6.0
824,0.0,0.0
825,4.0,5.0
826,6.0,6.0
827,5.0,8.0
828,0.0,8.0
829,2.0,2.0
830,1.0,4.0
831,6.0,6.0
832,4.0,4.0
833,7.0,7.0
834,6.0,9.0
835,8.0,0.0
836,3.0,2.0
837,5.0,8.0
838,9.0,9.0
839,9.0,0.0
840,0.0,9.0
841,1.0,1.0
842,5.0,5.0
843,4.0,9.0
844,6.0,6.0
845,9.0,0.0
846,9.0,1.0
847,4.0,9.0
848,0.0,3.0
849,6.0,6.0
850,9.0,9.0
851,1.0,1.0
852,3.0,9.0
853,1.0,4.0
854,8.0,2.0
855,9.0,3.0
856,9.0,4.0
857,6.0,4.0
858,0.0,0.0
859,0.0,0.0
860,6.0,6.0
861,0.0,0.0
862,2.0,8.0
863,2.0,2.0
864,0.0,4.0
865,4.0,4.0
866,4.0,4.0
867,5.0,5.0
868,6.0,6.0
869,8.0,2.0
870,0.0,0.0
871,9.0,4.0
872,8.0,6.0
873,3.0,3.0
874,0.0,0.0
875,3.0,3.0
876,0.0,0.0
877,7.0,7.0
878,9.0,5.0
879,9.0,9.0
880,3.0,3.0
881,9.0,2.0
882,3.0,3.0
883,3.0,3.0
884,9.0,7.0
885,6.0,0.0
886,3.0,3.0
887,9.0,8.0
888,2.0,3.0
889,6.0,8.0
890,2.0,2.0
891,6.0,6.0
892,1.0,8.0
893,1.0,1.0
894,3.0,3.0
895,3.0,3.0
896,9.0,9.0
897,7.0,7.0
898,8.0,9.0
899,3.0,3.0
900,7.0,7.0
901,9.0,9.0
902,6.0,6.0
903,2.0,2.0
904,3.0,1.0
905,6.0,6.0
906,9.0,7.0
907,0.0,4.0
908,9.0,8.0
909,3.0,3.0
910,9.0,1.0
911,1.0,1.0
912,4.0,4.0
913,8.0,9.0
914,0.0,0.0
915,6.0,6.0
916,2.0,2.0
917,1.0,1.0
918,9.0,1.0
919,8.0,3.0
920,7.0,7.0
921,7.0,7.0
922,8.0,8.0
923,9.0,9.0
924,8.0,2.0
925,7.0,1.0
926,2.0,2.0
927,6.0,2.0
928,9.0,9.0
929,5.0,3.0
930,6.0,6.0
931,6.0,0.0
932,3.0,2.0
933,6.0,6.0
934,1.0,1.0
935,9.0,7.0
936,2.0,2.0
937,7.0,7.0
938,3.0,3.0
939,0.0,8.0
940,9.0,9.0
941,6.0,6.0
942,6.0,6.0
943,7.0,1.0
944,3.0,7.0
945,0.0,7.0
946,8.0,5.0
947,6.0,6.0
948,0.0,1.0
949,2.0,2.0
950,2.0,5.0
951,0.0,0.0
952,0.0,0.0
953,9.0,7.0
954,7.0,7.0
955,0.0,5.0
956,7.0,9.0
957,1.0,1.0
958,9.0,4.0
959,2.0,2.0
960,9.0,7.0
961,2.0,2.0
962,3.0,3.0
963,9.0,9.0
964,9.0,8.0
965,8.0,5.0
966,6.0,4.0
967,1.0,8.0
968,2.0,2.0
969,1.0,1.0
970,0.0,0.0
971,5.0,4.0
972,1.0,2.0
973,9.0,9.0
974,5.0,5.0
975,8.0,2.0
976,0.0,4.0
977,9.0,5.0
978,5.0,9.0
979,8.0,8.0
980,9.0,8.0
981,8.0,8.0
982,6.0,5.0
983,3.0,9.0
984,2.0,1.0
985,0.0,0.0
986,2.0,2.0
987,6.0,6.0
988,5.0,7.0
989,4.0,9.0
990,7.0,7.0
991,6.0,6.0
992,1.0,1.0
993,2.0,2.0
994,3.0,7.0
995,5.0,5.0
996,6.0,6.0
997,0.0,0.0
998,1.0,1.0
999,7.0,7.0
1000,9.0,3.0
1001,9.0,3.0
1002,5.0,1.0
1003,2.0,2.0
1004,4.0,9.0
1005,0.0,0.0
1006,5.0,9.0
1007,2.0,2.0
1008,5.0,5.0
1009,0.0,2.0
1010,1.0,1.0
1011,6.0,6.0
1012,5.0,5.0
1013,9.0,9.0
1014,3.0,1.0
1015,0.0,0.0
1016,1.0,1.0
1017,6.0,8.0
1018,7.0,7.0
1019,7.0,7.0
1020,5.0,5.0
1021,9.0,3.0
1022,8.0,2.0
1023,4.0,4.0
1024,9.0,7.0
1025,2.0,2.0
1026,8.0,2.0
1027,9.0,3.0
1028,8.0,8.0
1029,1.0,1.0
1030,6.0,6.0
1031,7.0,1.0
1032,4.0,4.0
1033,9.0,2.0
1034,5.0,9.0
1035,4.0,4.0
1036,2.0,3.0
1037,1.0,1.0
1038,1.0,1.0
1039,9.0,5.0
1040,7.0,7.0
1041,5.0,7.0
1042,6.0,6.0
1043,0.0,8.0
1044,2.0,3.0
1045,8.0,2.0
1046,7.0,7.0
1047,7.0,0.0
1048,4.0,4.0
1049,1.0,9.0
1050,3.0,3.0
1051,6.0,6.0
1052,4.0,4.0
1053,8.0,7.0
1054,5.0,6.0
1055,2.0,2.0
1056,6.0,8.0
1057,3.0,3.0
1058,5.0,1.0
1059,5.0,1.0
1060,4.0,4.0
1061,2.0,2.0
1062,8.0,1.0
1063,9.0,9.0
1064,9.0,9.0
1065,0.0,0.0
1066,2.0,2.0
1067,7.0,7.0
1068,9.0,5.0
1069,4.0,4.0
1070,9.0,3.0
1071,0.0,0.0
1072,8.0,8.0
1073,0.0,5.0
1074,0.0,0.0
1075,1.0,8.0
1076,5.0,4.0
1077,2.0,2.0
1078,9.0,5.0
1079,2.0,2.0
1080,3.0,3.0
1081,0.0,4.0
1082,5.0,7.0
1083,5.0,5.0
1084,1.0,1.0
1085,3.0,8.0
1086,2.0,2.0
1087,1.0,1.0
1088,3.0,7.0
1089,2.0,2.0
1090,0.0,0.0
1091,0.0,0.0
1092,7.0,1.0
1093,3.0,2.0
1094,5.0,4.0
1095,0.0,0.0
1096,0.0,0.0
1097,8.0,8.0
1098,3.0,9.0
1099,4.0,4.0
1100,9.0,5.0
1101,6.0,6.0
1102,5.0,2.0
1103,8.0,9.0
1104,3.0,2.0
1105,2.0,2.0
1106,1.0,1.0
1107,8.0,0.0
1108,0.0,0.0
1109,3.0,3.0
1110,7.0,7.0
1111,4.0,4.0
1112,2.0,2.0
1113,6.0,6.0
1114,8.0,3.0
1115,1.0,1.0
1116,4.0,4.0
1117,5.0,5.0
1118,6.0,6.0
1119,9.0,8.0
1120,8.0,1.0
1121,3.0,3.0
1122,1.0,2.0
1123,8.0,8.0
1124,7.0,7.0
1125,5.0,5.0
1126,4.0,4.0
1127,1.0,1.0
1128,4.0,4.0
1129,9.0,3.0
1130,3.0,4.0
1131,8.0,7.0
1132,1.0,8.0
1133,5.0,5.0
1134,8.0,9.0
1135,2.0,2.0
1136,8.0,8.0
1137,0.0,0.0
1138,5.0,8.0
1139,5.0,4.0
1140,5.0,4.0
1141,0.0,0.0
1142,9.0,5.0
1143,1.0,8.0
1144,5.0,3.0
1145,9.0,9.0
1146,7.0,4.0
1147,4.0,4.0
1148,0.0,2.0
1149,9.0,9.0
1150,0.0,0.0
1151,1.0,1.0
1152,4.0,1.0
1153,3.0,3.0
1154,6.0,6.0
1155,9.0,7.0
1156,8.0,2.0
1157,4.0,6.0
1158,0.0,9.0
1159,0.0,8.0
1160,5.0,3.0
1161,9.0,3.0
1162,0.0,5.0
1163,8.0,6.0
1164,2.0,9.0
1165,3.0,5.0
1166,0.0,7.0
1167,1.0,1.0
1168,0.0,0.0
1169,3.0,2.0
1170,6.0,6.0
1171,4.0,4.0
1172,8.0,7.0
1173,3.0,5.0
1174,0.0,6.0
1175,2.0,3.0
1176,8.0,8.0
1177,5.0,3.0
1178,0.0,9.0
1179,5.0,2.0
1180,9.0,3.0
1181,4.0,4.0
1182,7.0,9.0
1183,3.0,5.0
1184,0.0,3.0
1185,4.0,4.0
1186,7.0,7.0
1187,9.0,5.0
1188,1.0,1.0
1189,2.0,6.0
1190,0.0,0.0
1191,9.0,4.0
1192,5.0,5.0
1193,4.0,4.0
1194,5.0,3.0
1195,2.0,9.0
1196,8.0,5.0
1197,6.0,6.0
1198,9.0,9.0
1199,5.0,3.0
1200,9.0,9.0
1201,5.0,5.0
1202,7.0,4.0
1203,4.0,4.0
1204,7.0,7.0
1205,8.0,1.0
1206,3.0,3.0
1207,7.0,7.0
1208,3.0,3.0
1209,8.0,8.0
1210,5.0,5.0
1211,7.0,8.0
1212,5.0,5.0
1213,2.0,2.0
1214,6.0,6.0
1215,4.0,4.0
1216,5.0,5.0
1217,2.0,2.0
1218,0.0,3.0
1219,0.0,7.0
1220,4.0,4.0
1221,2.0,2.0
1222,7.0,7.0
1223,5.0,5.0
1224,2.0,2.0
1225,8.0,8.0
1226,1.0,1.0
1227,4.0,4.0
1228,2.0,2.0
1229,2.0,2.0
1230,8.0,3.0
1231,4.0,4.0
1232,4.0,4.0
1233,8.0,1.0
1234,1.0,1.0
1235,0.0,0.0
1236,6.0,6.0
1237,9.0,9.0
1238,8.0,8.0
1239,5.0,3.0
1240,8.0,3.0
1241,9.0,9.0
1242,3.0,2.0
1243,4.0,4.0
1244,5.0,5.0
1245,2.0,4.0
1246,8.0,6.0
1247,4.0,4.0
1248,9.0,9.0
1249,3.0,3.0
1250,8.0,8.0
1251,5.0,5.0
1252,9.0,9.0
1253,6.0,4.0
1254,0.0,0.0
1255,1.0,7.0
1256,4.0,4.0
1257,7.0,7.0
1258,2.0,4.0
1259,2.0,7.0
1260,9.0,9.0
1261,5.0,5.0
1262,7.0,7.0
1263,8.0,8.0
1264,8.0,1.0
1265,7.0,7.0
1266,1.0,1.0
1267,7.0,7.0
1268,0.0,6.0
1269,1.0,2.0
1270,3.0,2.0
1271,6.0,6.0
1272,8.0,5.0
1273,4.0,4.0
1274,1.0,1.0
1275,1.0,7.0
1276,5.0,9.0
1277,4.0,1.0
1278,5.0,3.0
1279,4.0,4.0
1280,0.0,0.0
1281,1.0,4.0
1282,6.0,6.0
1283,8.0,7.0
1284,5.0,2.0
1285,5.0,9.0
1286,9.0,9.0
1287,9.0,5.0
1288,6.0,6.0
1289,1.0,1.0
1290,6.0,6.0
1291,3.0,5.0
1292,1.0,1.0
1293,5.0,5.0
1294,4.0,4.0
1295,5.0,9.0
1296,0.0,0.0
1297,1.0,2.0
1298,5.0,0.0
1299,5.0,5.0
1300,8.0,4.0
1301,0.0,0.0
1302,0.0,0.0
1303,0.0,6.0
1304,1.0,1.0
1305,3.0,2.0
1306,1.0,5.0
1307,4.0,4.0
1308,2.0,2.0
1309,9.0,7.0
1310,5.0,3.0
1311,3.0,3.0
1312,0.0,7.0
1313,1.0,1.0
1314,2.0,5.0
1315,9.0,4.0
1316,1.0,1.0
1317,5.0,5.0
1318,5.0,7.0
1319,9.0,5.0
1320,3.0,3.0
1321,4.0,4.0
1322,0.0,0.0
1323,2.0,1.0
1324,9.0,5.0
1325,5.0,3.0
1326,1.0,8.0
1327,8.0,4.0
1328,5.0,5.0
1329,0.0,9.0
1330,5.0,5.0
1331,4.0,4.0
1332,9.0,9.0
1333,8.0,8.0
1334,9.0,5.0
1335,5.0,3.0
1336,8.0,8.0
1337,4.0,4.0
1338,9.0,9.0
1339,9.0,9.0
1340,8.0,3.0
1341,5.0,8.0
1342,9.0,1.0
1343,3.0,4.0
1344,6.0,6.0
1345,4.0,4.0
1346,8.0,8.0
1347,4.0,4.0
1348,5.0,5.0
1349,8.0,8.0
1350,3.0,9.0
1351,1.0,1.0
1352,7.0,7.0
1353,3.0,8.0
1354,6.0,8.0
1355,7.0,5.0
1356,9.0,8.0
1357,4.0,4.0
1358,7.0,9.0
1359,4.0,5.0
1360,1.0,4.0
1361,0.0,9.0
1362,0.0,0.0
1363,1.0,3.0
1364,9.0,4.0
1365,3.0,8.0
1366,1.0,8.0
1367,9.0,9.0
1368,6.0,1.0
1369,7.0,7.0
1370,7.0,7.0
1371,8.0,8.0
1372,4.0,4.0
1373,8.0,5.0
1374,5.0,5.0
1375,4.0,5.0
1376,9.0,4.0
1377,4.0,5.0
1378,7.0,8.0
1379,9.0,1.0
1380,4.0,4.0
1381,8.0,7.0
1382,7.0,7.0
1383,1.0,6.0
1384,9.0,4.0
1385,4.0,1.0
1386,6.0,6.0
1387,7.0,7.0
1388,3.0,3.0
1389,6.0,6.0
1390,3.0,7.0
1391,2.0,9.0
1392,1.0,1.0
1393,2.0,2.0
1394,4.0,7.0
1395,1.0,2.0
1396,9.0,1.0
1397,7.0,7.0
1398,6.0,6.0
1399,4.0,5.0
1400,0.0,0.0
1401,4.0,6.0
1402,9.0,5.0
1403,4.0,4.0
1404,8.0,3.0
1405,6.0,6.0
1406,3.0,3.0
1407,6.0,6.0
1408,1.0,3.0
1409,0.0,2.0
1410,0.0,8.0
1411,3.0,3.0
1412,8.0,8.0
1413,4.0,7.0
1414,5.0,1.0
1415,1.0,7.0
1416,9.0,9.0
1417,9.0,9.0
1418,5.0,5.0
1419,5.0,5.0
1420,9.0,8.0
1421,4.0,1.0
1422,3.0,4.0
1423,9.0,5.0
1424,4.0,4.0
1425,7.0,8.0
1426,2.0,3.0
1427,8.0,1.0
1428,6.0,6.0
1429,5.0,5.0
1430,1.0,1.0
1431,4.0,9.0
1432,5.0,5.0
1433,7.0,7.0
1434,5.0,8.0
1435,9.0,4.0
1436,9.0,8.0
1437,5.0,3.0
1438,0.0,5.0
1439,5.0,5.0
1440,9.0,9.0
1441,0.0,0.0
1442,5.0,8.0
1443,2.0,2.0
1444,0.0,6.0
1445,1.0,3.0
1446,0.0,8.0
1447,2.0,2.0
1448,2.0,1.0
1449,4.0,1.0
1450,6.0,8.0
1451,4.0,4.0
1452,4.0,4.0
1453,1.0,2.0
1454,7.0,7.0
1455,3.0,3.0
1456,3.0,9.0
1457,6.0,3.0
1458,7.0,7.0
1459,2.0,9.0
1460,5.0,7.0
1461,0.0,0.0
1462,8.0,6.0
1463,3.0,3.0
1464,6.0,6.0
1465,3.0,1.0
1466,3.0,9.0
1467,3.0,9.0
1468,2.0,6.0
1469,9.0,9.0
1470,6.0,6.0
1471,3.0,8.0
1472,9.0,8.0
1473,1.0,1.0
1474,0.0,0.0
1475,3.0,3.0
1476,1.0,1.0
1477,1.0,3.0
1478,8.0,3.0
1479,0.0,0.0
1480,1.0,2.0
1481,1.0,5.0
1482,1.0,5.0
1483,0.0,8.0
1484,2.0,6.0
1485,0.0,0.0
1486,4.0,4.0
1487,4.0,1.0
1488,0.0,0.0
1489,0.0,0.0
1490,3.0,3.0
1491,0.0,0.0
1492,6.0,7.0
1493,4.0,4.0
1494,6.0,6.0
1495,9.0,9.0
1496,5.0,5.0
1497,8.0,9.0
1498,5.0,7.0
1499,2.0,2.0
1500,3.0,4.0
1501,0.0,0.0
1502,7.0,7.0
1503,9.0,7.0
1504,2.0,2.0
1505,0.0,1.0
1506,2.0,2.0
1507,0.0,0.0
1508,1.0,0.0
1509,5.0,5.0
1510,5.0,8.0
1511,5.0,4.0
1512,4.0,4.0
1513,5.0,3.0
1514,6.0,2.0
1515,7.0,7.0
1516,6.0,1.0
1517,9.0,9.0
1518,5.0,5.0
1519,3.0,7.0
1520,9.0,9.0
1521,1.0,1.0
1522,8.0,8.0
1523,3.0,1.0
1524,0.0,0.0
1525,0.0,0.0
1526,1.0,9.0
1527,6.0,6.0
1528,6.0,6.0
1529,2.0,2.0
1530,5.0,5.0
1531,3.0,9.0
1532,4.0,4.0
1533,6.0,6.0
1534,9.0,4.0
1535,0.0,0.0
1536,7.0,7.0
1537,0.0,9.0
1538,9.0,9.0
1539,0.0,0.0
1540,5.0,5.0
1541,9.0,3.0
1542,8.0,9.0
1543,5.0,4.0
1544,6.0,3.0
1545,6.0,6.0
1546,3.0,3.0
1547,8.0,2.0
1548,8.0,3.0
1549,9.0,9.0
1550,8.0,8.0
1551,2.0,2.0
1552,8.0,5.0
1553,8.0,8.0
1554,6.0,4.0
1555,0.0,0.0
1556,5.0,7.0
1557,6.0,4.0
1558,9.0,9.0
1559,8.0,1.0
1560,0.0,0.0
1561,2.0,2.0
1562,8.0,2.0
1563,3.0,5.0
1564,8.0,9.0
1565,0.0,4.0
1566,9.0,7.0
1567,2.0,1.0
1568,4.0,8.0
1569,3.0,7.0
1570,4.0,4.0
1571,6.0,0.0
1572,6.0,2.0
1573,2.0,8.0
1574,5.0,5.0
1575,6.0,6.0
1576,6.0,6.0
1577,7.0,7.0
1578,2.0,5.0
1579,7.0,4.0
1580,2.0,2.0
1581,1.0,6.0
1582,3.0,3.0
1583,8.0,7.0
1584,6.0,3.0
1585,2.0,8.0
1586,6.0,5.0
1587,8.0,7.0
1588,9.0,9.0
1589,4.0,4.0
1590,3.0,5.0
1591,6.0,5.0
1592,7.0,7.0
1593,3.0,3.0
1594,7.0,8.0
1595,0.0,4.0
1596,3.0,3.0
1597,4.0,4.0
1598,8.0,9.0
1599,4.0,4.0
1600,3.0,3.0
1601,5.0,5.0
1602,6.0,4.0
1603,4.0,6.0
1604,0.0,0.0
1605,3.0,3.0
1606,4.0,2.0
1607,3.0,7.0
1608,8.0,8.0
1609,8.0,5.0
1610,5.0,5.0
1611,4.0,4.0
1612,6.0,6.0
1613,8.0,3.0
1614,5.0,9.0
1615,2.0,2.0
1616,7.0,7.0
1617,1.0,1.0
1618,2.0,2.0
1619,3.0,5.0
1620,2.0,6.0
1621,1.0,5.0
1622,2.0,1.0
1623,7.0,7.0
1624,5.0,3.0
1625,0.0,0.0
1626,9.0,3.0
1627,6.0,6.0
1628,1.0,1.0
1629,2.0,2.0
1630,3.0,3.0
1631,7.0,7.0
1632,0.0,4.0
1633,3.0,3.0
1634,2.0,8.0
1635,0.0,0.0
1636,0.0,0.0
1637,9.0,8.0
1638,3.0,4.0
1639,9.0,6.0
1640,5.0,8.0
1641,7.0,7.0
1642,1.0,2.0
1643,5.0,5.0
1644,8.0,1.0
1645,4.0,7.0
1646,0.0,8.0
1647,8.0,4.0
1648,2.0,7.0
1649,2.0,5.0
1650,1.0,5.0
1651,4.0,1.0
1652,0.0,0.0
1653,8.0,8.0
1654,9.0,9.0
1655,2.0,5.0
1656,7.0,7.0
1657,5.0,9.0
1658,6.0,6.0
1659,3.0,2.0
1660,0.0,0.0
1661,8.0,8.0
1662,1.0,1.0
1663,0.0,0.0
1664,5.0,1.0
1665,2.0,2.0
1666,9.0,3.0
1667,0.0,0.0
1668,9.0,7.0
1669,6.0,6.0
1670,9.0,9.0
1671,8.0,5.0
1672,2.0,1.0
1673,4.0,4.0
1674,6.0,6.0
1675,1.0,1.0
1676,2.0,9.0
1677,8.0,8.0
1678,5.0,3.0
1679,0.0,9.0
1680,9.0,5.0
1681,6.0,6.0
1682,8.0,8.0
1683,8.0,3.0
1684,0.0,0.0
1685,5.0,1.0
1686,3.0,1.0
1687,1.0,1.0
1688,0.0,8.0
1689,0.0,0.0
1690,9.0,7.0
1691,1.0,2.0
1692,4.0,7.0
1693,0.0,0.0
1694,6.0,6.0
1695,1.0,1.0
1696,0.0,8.0
1697,4.0,4.0
1698,2.0,2.0
1699,6.0,6.0
1700,1.0,1.0
1701,3.0,3.0
1702,3.0,5.0
1703,9.0,5.0
1704,3.0,7.0
1705,8.0,6.0
1706,0.0,0.0
1707,6.0,2.0
1708,2.0,9.0
1709,0.0,6.0
1710,7.0,7.0
1711,9.0,3.0
1712,6.0,6.0
1713,1.0,8.0
1714,0.0,0.0
1715,3.0,3.0
1716,2.0,2.0
1717,0.0,0.0
1718,8.0,8.0
1719,1.0,1.0
1720,8.0,8.0
1721,2.0,2.0
1722,6.0,6.0
1723,4.0,4.0
1724,2.0,2.0
1725,9.0,7.0
1726,6.0,6.0
1727,4.0,4.0
1728,3.0,3.0
1729,6.0,6.0
1730,3.0,3.0
1731,4.0,4.0
1732,0.0,0.0
1733,0.0,0.0
1734,1.0,7.0
1735,8.0,9.0
1736,6.0,6.0
1737,4.0,9.0
1738,0.0,0.0
1739,3.0,3.0
1740,7.0,8.0
1741,0.0,8.0
1742,0.0,0.0
1743,3.0,2.0
1744,0.0,0.0
1745,3.0,3.0
1746,2.0,1.0
1747,0.0,0.0
1748,9.0,9.0
1749,3.0,3.0
1750,3.0,2.0
1751,4.0,7.0
1752,9.0,2.0
1753,8.0,6.0
1754,3.0,8.0
1755,3.0,3.0
1756,1.0,1.0
1757,0.0,0.0
1758,0.0,0.0
1759,0.0,0.0
1760,6.0,6.0
1761,9.0,3.0
1762,7.0,7.0
1763,1.0,2.0
1764,2.0,2.0
1765,4.0,5.0
1766,5.0,5.0
1767,2.0,9.0
1768,1.0,1.0
1769,3.0,3.0
1770,7.0,8.0
1771,5.0,8.0
1772,3.0,3.0
1773,8.0,8.0
1774,3.0,5.0
1775,5.0,5.0
1776,1.0,1.0
1777,1.0,8.0
1778,1.0,1.0
1779,0.0,0.0
1780,8.0,0.0
1781,9.0,5.0
1782,3.0,3.0
1783,9.0,3.0
1784,9.0,6.0
1785,0.0,7.0
1786,7.0,7.0
1787,1.0,5.0
1788,7.0,7.0
1789,1.0,8.0
1790,8.0,8.0
1791,2.0,2.0
1792,2.0,2.0
1793,2.0,2.0
1794,3.0,8.0
1795,0.0,0.0
1796,3.0,3.0
1797,2.0,6.0
1798,9.0,5.0
1799,7.0,9.0
1800,9.0,9.0
1801,3.0,1.0
1802,2.0,2.0
1803,7.0,7.0
1804,6.0,6.0
1805,3.0,3.0
1806,1.0,1.0
1807,9.0,6.0
1808,4.0,4.0
1809,9.0,7.0
1810,5.0,7.0
1811,5.0,5.0
1812,4.0,4.0
1813,3.0,3.0
1814,8.0,8.0
1815,1.0,1.0
1816,1.0,9.0
1817,2.0,2.0
1818,1.0,1.0
1819,0.0,0.0
1820,5.0,5.0
1821,0.0,1.0
1822,7.0,3.0
1823,0.0,0.0
1824,1.0,4.0
1825,3.0,8.0
1826,1.0,1.0
1827,0.0,0.0
1828,4.0,9.0
1829,0.0,0.0
1830,7.0,7.0
1831,4.0,9.0
1832,1.0,1.0
1833,4.0,5.0
1834,8.0,8.0
1835,7.0,4.0
1836,3.0,7.0
1837,3.0,3.0
1838,8.0,3.0
1839,8.0,8.0
1840,8.0,7.0
1841,6.0,6.0
1842,5.0,2.0
1843,7.0,8.0
1844,2.0,8.0
1845,3.0,5.0
1846,8.0,3.0
1847,6.0,6.0
1848,7.0,2.0
1849,1.0,1.0
1850,5.0,5.0
1851,7.0,7.0
1852,4.0,4.0
1853,6.0,6.0
1854,2.0,8.0
1855,8.0,9.0
1856,4.0,4.0
1857,5.0,5.0
1858,4.0,4.0
1859,0.0,0.0
1860,3.0,7.0
1861,1.0,4.0
1862,2.0,2.0
1863,5.0,1.0
1864,3.0,2.0
1865,1.0,4.0
1866,3.0,3.0
1867,4.0,4.0
1868,9.0,7.0
1869,9.0,4.0
1870,1.0,1.0
1871,1.0,2.0
1872,1.0,1.0
1873,9.0,9.0
1874,8.0,8.0
1875,4.0,4.0
1876,6.0,0.0
1877,7.0,7.0
1878,1.0,8.0
1879,9.0,9.0
1880,1.0,7.0
1881,2.0,2.0
1882,1.0,1.0
1883,5.0,3.0
1884,1.0,5.0
1885,1.0,6.0
1886,8.0,8.0
1887,6.0,6.0
1888,5.0,5.0
1889,4.0,4.0
1890,6.0,7.0
1891,0.0,0.0
1892,0.0,0.0
1893,5.0,5.0
1894,1.0,7.0
1895,2.0,2.0
1896,8.0,4.0
1897,1.0,4.0
1898,4.0,4.0
1899,5.0,9.0
1900,4.0,7.0
1901,2.0,8.0
1902,9.0,9.0
1903,0.0,0.0
1904,9.0,9.0
1905,5.0,5.0
1906,8.0,5.0
1907,6.0,6.0
1908,0.0,5.0
1909,0.0,0.0
1910,5.0,9.0
1911,5.0,8.0
1912,3.0,9.0
1913,2.0,8.0
1914,4.0,4.0
1915,1.0,1.0
1916,7.0,7.0
1917,7.0,7.0
1918,3.0,3.0
1919,4.0,5.0
1920,1.0,1.0
1921,0.0,0.0
1922,1.0,0.0
1923,6.0,2.0
1924,1.0,2.0
1925,5.0,7.0
1926,4.0,8.0
1927,8.0,2.0
1928,0.0,0.0
1929,1.0,1.0
1930,2.0,2.0
1931,6.0,6.0
1932,3.0,3.0
1933,3.0,3.0
1934,0.0,7.0
1935,3.0,3.0
1936,7.0,3.0
1937,4.0,4.0
1938,6.0,6.0
1939,6.0,6.0
1940,6.0,6.0
1941,4.0,4.0
1942,8.0,9.0
1943,4.0,1.0
1944,5.0,5.0
1945,0.0,0.0
1946,9.0,9.0
1947,2.0,5.0
1948,1.0,2.0
1949,8.0,8.0
1950,1.0,8.0
1951,9.0,9.0
1952,8.0,8.0
1953,0.0,0.0
1954,1.0,1.0
1955,8.0,2.0
1956,3.0,3.0
1957,1.0,4.0
1958,5.0,5.0
1959,6.0,6.0
1960,4.0,7.0
1961,8.0,8.0
1962,3.0,9.0
1963,5.0,0.0
1964,1.0,1.0
1965,2.0,2.0
1966,3.0,3.0
1967,4.0,4.0
1968,5.0,5.0
1969,2.0,6.0
1970,7.0,7.0
1971,8.0,8.0
1972,9.0,9.0
1973,0.0,0.0
1974,1.0,1.0
1975,9.0,2.0
1976,4.0,3.0
1977,4.0,4.0
1978,5.0,5.0
1979,6.0,6.0
1980,0.0,7.0
1981,2.0,8.0
1982,0.0,9.0
1983,0.0,0.0
1984,8.0,9.0
1985,5.0,5.0
1986,5.0,5.0
1987,6.0,6.0
1988,5.0,5.0
1989,0.0,0.0
1990,8.0,9.0
1991,8.0,8.0
1992,9.0,9.0
1993,4.0,8.0
1994,4.0,4.0
1995,9.0,1.0
1996,7.0,7.0
1997,7.0,7.0
1998,3.0,3.0
1999,5.0,5.0
2000,1.0,1.0
2001,4.0,4.0
2002,0.0,0.0
2003,5.0,5.0
2004,5.0,3.0
2005,6.0,6.0
2006,6.0,9.0
2007,5.0,6.0
2008,1.0,1.0
2009,7.0,7.0
2010,0.0,5.0
2011,4.0,4.0
2012,4.0,4.0
2013,2.0,7.0
2014,2.0,2.0
2015,1.0,8.0
2016,2.0,2.0
2017,2.0,2.0
2018,3.0,5.0
2019,5.0,5.0
2020,8.0,4.0
2021,8.0,8.0
2022,8.0,8.0
2023,4.0,4.0
2024,9.0,9.0
2025,0.0,0.0
2026,8.0,8.0
2027,9.0,9.0
2028,8.0,8.0
2029,0.0,0.0
2030,8.0,1.0
2031,2.0,2.0
2032,3.0,3.0
2033,7.0,4.0
2034,5.0,5.0
2035,0.0,6.0
2036,7.0,7.0
2037,9.0,8.0
2038,8.0,9.0
2039,0.0,0.0
2040,1.0,1.0
2041,2.0,2.0
2042,5.0,3.0
2043,4.0,4.0
2044,3.0,5.0
2045,6.0,6.0
2046,0.0,7.0
2047,8.0,8.0
2048,0.0,9.0
2049,0.0,0.0
2050,9.0,5.0
2051,0.0,0.0
2052,0.0,9.0
2053,5.0,5.0
2054,3.0,2.0
2055,8.0,8.0
2056,2.0,2.0
2057,0.0,0.0
2058,0.0,0.0
2059,8.0,1.0
2060,7.0,7.0
2061,6.0,6.0
2062,3.0,3.0
2063,8.0,2.0
2064,6.0,1.0
2065,9.0,7.0
2066,4.0,4.0
2067,6.0,6.0
2068,3.0,3.0
2069,1.0,1.0
2070,2.0,3.0
2071,9.0,9.0
2072,1.0,1.0
2073,7.0,7.0
2074,6.0,6.0
2075,8.0,8.0
2076,1.0,4.0
2077,3.0,3.0
2078,5.0,1.0
2079,4.0,4.0
2080,0.0,0.0
2081,0.0,5.0
2082,3.0,3.0
2083,4.0,6.0
2084,9.0,9.0
2085,6.0,6.0
2086,0.0,1.0
2087,6.0,7.0
2088,5.0,5.0
2089,4.0,4.0
2090,4.0,4.0
2091,7.0,7.0
2092,3.0,2.0
2093,8.0,8.0
2094,8.0,2.0
2095,2.0,2.0
2096,3.0,5.0
2097,7.0,7.0
2098,8.0,9.0
2099,5.0,5.0
2100,4.0,4.0
2101,4.0,1.0
2102,4.0,7.0
2103,9.0,7.0
2104,3.0,3.0
2105,6.0,5.0
2106,1.0,1.0
2107,0.0,0.0
2108,0.0,0.0
2109,2.0,2.0
2110,2.0,2.0
2111,7.0,7.0
2112,9.0,8.0
2113,4.0,2.0
2114,0.0,0.0
2115,6.0,1.0
2116,2.0,2.0
2117,8.0,6.0
2118,2.0,3.0
2119,9.0,3.0
2120,7.0,7.0
2121,3.0,3.0
2122,3.0,3.0
2123,6.0,4.0
2124,6.0,6.0
2125,6.0,6.0
2126,6.0,6.0
2127,4.0,4.0
2128,9.0,9.0
2129,1.0,1.0
2130,5.0,5.0
2131,4.0,0.0
2132,8.0,9.0
2133,5.0,5.0
2134,1.0,2.0
2135,5.0,8.0
2136,3.0,2.0
2137,0.0,0.0
2138,0.0,0.0
2139,1.0,1.0
2140,7.0,7.0
2141,6.0,6.0
2142,4.0,3.0
2143,3.0,2.0
2144,1.0,1.0
2145,2.0,7.0
2146,6.0,4.0
2147,2.0,6.0
2148,3.0,3.0
2149,1.0,1.0
2150,4.0,1.0
2151,9.0,2.0
2152,8.0,3.0
2153,0.0,4.0
2154,5.0,5.0
2155,3.0,6.0
2156,7.0,7.0
2157,3.0,8.0
2158,9.0,9.0
2159,1.0,0.0
2160,6.0,1.0
2161,8.0,2.0
2162,3.0,3.0
2163,4.0,4.0
2164,2.0,5.0
2165,6.0,6.0
2166,7.0,7.0
2167,3.0,8.0
2168,9.0,9.0
2169,1.0,0.0
2170,5.0,9.0
2171,5.0,5.0
2172,5.0,5.0
2173,0.0,6.0
2174,9.0,5.0
2175,0.0,0.0
2176,5.0,9.0
2177,6.0,8.0
2178,3.0,9.0
2179,6.0,8.0
2180,4.0,4.0
2181,1.0,1.0
2182,7.0,7.0
2183,7.0,7.0
2184,3.0,3.0
2185,5.0,5.0
2186,6.0,1.0
2187,4.0,0.0
2188,9.0,0.0
2189,8.0,2.0
2190,8.0,2.0
2191,0.0,7.0
2192,5.0,8.0
2193,2.0,2.0
2194,0.0,0.0
2195,4.0,1.0
2196,2.0,2.0
2197,4.0,6.0
2198,3.0,3.0
2199,3.0,3.0
2200,4.0,4.0
2201,8.0,7.0
2202,2.0,2.0
2203,1.0,8.0
2204,2.0,2.0
2205,2.0,2.0
2206,0.0,5.0
2207,9.0,7.0
2208,9.0,9.0
2209,5.0,5.0
2210,4.0,4.0
2211,9.0,8.0
2212,8.0,8.0
2213,4.0,4.0
2214,9.0,9.0
2215,0.0,0.0
2216,8.0,8.0
2217,9.0,9.0
2218,8.0,8.0
2219,8.0,0.0
2220,3.0,1.0
2221,3.0,2.0
2222,3.0,3.0
2223,4.0,4.0
2224,1.0,5.0
2225,6.0,6.0
2226,7.0,7.0
2227,8.0,8.0
2228,5.0,9.0
2229,0.0,0.0
2230,5.0,1.0
2231,9.0,2.0
2232,3.0,3.0
2233,4.0,4.0
2234,5.0,5.0
2235,3.0,6.0
2236,7.0,7.0
2237,3.0,8.0
2238,5.0,9.0
2239,8.0,0.0
2240,1.0,1.0
2241,3.0,2.0
2242,3.0,3.0
2243,4.0,4.0
2244,5.0,5.0
2245,9.0,6.0
2246,7.0,7.0
2247,9.0,8.0
2248,9.0,9.0
2249,4.0,0.0
2250,7.0,7.0
2251,4.0,6.0
2252,3.0,3.0
2253,0.0,2.0
2254,5.0,1.0
2255,7.0,7.0
2256,4.0,4.0
2257,4.0,6.0
2258,5.0,3.0
2259,4.0,1.0
2260,8.0,3.0
2261,4.0,9.0
2262,1.0,1.0
2263,7.0,7.0
2264,6.0,6.0
2265,2.0,8.0
2266,4.0,4.0
2267,8.0,3.0
2268,1.0,1.0
2269,6.0,4.0
2270,0.0,0.0
2271,8.0,5.0
2272,8.0,3.0
2273,3.0,6.0
2274,4.0,9.0
2275,6.0,6.0
2276,1.0,1.0
2277,7.0,7.0
2278,9.0,5.0
2279,8.0,4.0
2280,8.0,4.0
2281,7.0,7.0
2282,2.0,2.0
2283,8.0,8.0
2284,3.0,2.0
2285,2.0,2.0
2286,3.0,5.0
2287,7.0,7.0
2288,8.0,9.0
2289,5.0,5.0
2290,4.0,4.0
2291,0.0,8.0
2292,2.0,8.0
2293,4.0,4.0
2294,9.0,9.0
2295,0.0,0.0
2296,1.0,8.0
2297,2.0,9.0
2298,8.0,8.0
2299,0.0,0.0
2300,2.0,2.0
2301,6.0,7.0
2302,6.0,8.0
2303,2.0,2.0
2304,0.0,0.0
2305,2.0,1.0
2306,8.0,2.0
2307,1.0,6.0
2308,2.0,3.0
2309,3.0,3.0
2310,4.0,7.0
2311,0.0,3.0
2312,4.0,3.0
2313,4.0,4.0
2314,6.0,6.0
2315,6.0,6.0
2316,0.0,6.0
2317,5.0,4.0
2318,3.0,9.0
2319,1.0,1.0
2320,5.0,5.0
2321,0.0,0.0
2322,0.0,9.0
2323,2.0,5.0
2324,2.0,2.0
2325,8.0,8.0
2326,5.0,2.0
2327,0.0,0.0
2328,0.0,0.0
2329,1.0,1.0
2330,3.0,7.0
2331,6.0,6.0
2332,3.0,3.0
2333,8.0,2.0
2334,1.0,1.0
2335,3.0,7.0
2336,8.0,4.0
2337,6.0,6.0
2338,9.0,3.0
2339,1.0,1.0
2340,4.0,3.0
2341,1.0,9.0
2342,4.0,1.0
2343,7.0,7.0
2344,6.0,6.0
2345,9.0,8.0
2346,1.0,4.0
2347,8.0,3.0
2348,1.0,1.0
2349,6.0,4.0
2350,2.0,2.0
2351,3.0,3.0
2352,4.0,4.0
2353,9.0,5.0
2354,3.0,6.0
2355,7.0,7.0
2356,8.0,8.0
2357,9.0,9.0
2358,0.0,0.0
2359,9.0,9.0
2360,8.0,5.0
2361,5.0,5.0
2362,6.0,6.0
2363,9.0,5.0
2364,0.0,0.0
2365,8.0,9.0
2366,8.0,8.0
2367,9.0,9.0
2368,2.0,8.0
2369,8.0,4.0
2370,6.0,1.0
2371,8.0,7.0
2372,7.0,7.0
2373,5.0,3.0
2374,9.0,5.0
2375,7.0,1.0
2376,6.0,2.0
2377,5.0,7.0
2378,8.0,8.0
2379,8.0,2.0
2380,0.0,0.0
2381,1.0,1.0
2382,2.0,2.0
2383,6.0,6.0
2384,8.0,3.0
2385,3.0,3.0
2386,7.0,7.0
2387,9.0,3.0
2388,3.0,3.0
2389,5.0,4.0
2390,6.0,6.0
2391,6.0,6.0
2392,0.0,6.0
2393,7.0,4.0
2394,9.0,9.0
2395,3.0,1.0
2396,2.0,5.0
2397,0.0,0.0
2398,9.0,9.0
2399,3.0,5.0
2400,9.0,9.0
2401,8.0,8.0
2402,0.0,0.0
2403,1.0,1.0
2404,2.0,2.0
2405,5.0,3.0
2406,8.0,4.0
2407,5.0,5.0
2408,2.0,6.0
2409,7.0,7.0
2410,7.0,8.0
2411,5.0,9.0
2412,5.0,0.0
2413,1.0,1.0
2414,2.0,2.0
2415,2.0,3.0
2416,4.0,4.0
2417,5.0,5.0
2418,6.0,6.0
2419,7.0,7.0
2420,1.0,8.0
2421,9.0,9.0
2422,4.0,0.0
2423,1.0,1.0
2424,2.0,2.0
2425,3.0,3.0
2426,4.0,4.0
2427,5.0,5.0
2428,6.0,6.0
2429,3.0,7.0
2430,8.0,8.0
2431,8.0,9.0
2432,9.0,0.0
2433,4.0,9.0
2434,1.0,5.0
2435,1.0,5.0
2436,3.0,6.0
2437,0.0,5.0
2438,8.0,0.0
2439,3.0,9.0
2440,8.0,8.0
2441,9.0,9.0
2442,8.0,8.0
2443,0.0,4.0
2444,1.0,1.0
2445,8.0,7.0
2446,7.0,7.0
2447,3.0,3.0
2448,5.0,5.0
2449,1.0,1.0
2450,4.0,4.0
2451,0.0,0.0
2452,5.0,5.0
2453,3.0,3.0
2454,3.0,6.0
2455,8.0,9.0
2456,6.0,6.0
2457,1.0,1.0
2458,7.0,7.0
2459,5.0,5.0
2460,6.0,4.0
2461,4.0,4.0
2462,3.0,7.0
2463,5.0,2.0
2464,8.0,8.0
2465,2.0,2.0
2466,5.0,2.0
2467,5.0,5.0
2468,7.0,7.0
2469,8.0,9.0
2470,9.0,5.0
2471,4.0,4.0
2472,9.0,8.0
2473,4.0,8.0
2474,4.0,4.0
2475,0.0,9.0
2476,0.0,0.0
2477,9.0,8.0
2478,0.0,9.0
2479,8.0,8.0
2480,5.0,0.0
2481,8.0,1.0
2482,2.0,2.0
2483,3.0,3.0
2484,4.0,4.0
2485,8.0,5.0
2486,6.0,6.0
2487,1.0,7.0
2488,8.0,8.0
2489,8.0,9.0
2490,0.0,0.0
2491,5.0,1.0
2492,2.0,2.0
2493,3.0,3.0
2494,4.0,4.0
2495,3.0,5.0
2496,6.0,6.0
2497,8.0,7.0
2498,5.0,8.0
2499,3.0,9.0
2500,1.0,1.0
2501,5.0,5.0
2502,8.0,0.0
2503,9.0,9.0
2504,8.0,5.0
2505,3.0,2.0
2506,8.0,8.0
2507,8.0,2.0
2508,8.0,0.0
2509,0.0,0.0
2510,1.0,1.0
2511,9.0,7.0
2512,6.0,6.0
2513,3.0,3.0
2514,2.0,2.0
2515,3.0,1.0
2516,1.0,7.0
2517,4.0,4.0
2518,4.0,6.0
2519,5.0,3.0
2520,1.0,1.0
2521,2.0,3.0
2522,6.0,9.0
2523,1.0,1.0
2524,2.0,7.0
2525,4.0,6.0
2526,4.0,8.0
2527,4.0,4.0
2528,2.0,3.0
2529,5.0,1.0
2530,4.0,4.0
2531,0.0,0.0
2532,8.0,5.0
2533,5.0,3.0
2534,6.0,6.0
2535,5.0,9.0
2536,6.0,6.0
2537,8.0,1.0
2538,5.0,7.0
2539,5.0,5.0
2540,4.0,4.0
2541,4.0,4.0
2542,7.0,7.0
2543,5.0,2.0
2544,8.0,8.0
2545,2.0,2.0
2546,2.0,2.0
2547,8.0,5.0
2548,1.0,7.0
2549,8.0,9.0
2550,1.0,8.0
2551,4.0,4.0
2552,1.0,1.0
2553,9.0,7.0
2554,0.0,7.0
2555,9.0,3.0
2556,5.0,5.0
2557,1.0,1.0
2558,0.0,0.0
2559,0.0,0.0
2560,2.0,2.0
2561,3.0,2.0
2562,7.0,7.0
2563,8.0,8.0
2564,5.0,2.0
2565,4.0,0.0
2566,1.0,1.0
2567,3.0,2.0
2568,1.0,6.0
2569,5.0,3.0
2570,3.0,3.0
2571,8.0,7.0
2572,8.0,3.0
2573,3.0,3.0
2574,4.0,4.0
2575,1.0,6.0
2576,6.0,6.0
2577,6.0,6.0
2578,4.0,4.0
2579,3.0,9.0
2580,1.0,1.0
2581,5.0,5.0
2582,0.0,0.0
2583,6.0,9.0
2584,8.0,5.0
2585,2.0,2.0
2586,0.0,8.0
2587,4.0,2.0
2588,0.0,0.0
2589,0.0,0.0
2590,2.0,1.0
2591,7.0,7.0
2592,0.0,6.0
2593,3.0,3.0
2594,2.0,2.0
2595,1.0,1.0
2596,7.0,7.0
2597,4.0,4.0
2598,6.0,6.0
2599,3.0,3.0
2600,2.0,2.0
2601,3.0,3.0
2602,4.0,4.0
2603,0.0,5.0
2604,0.0,6.0
2605,8.0,7.0
2606,5.0,8.0
2607,9.0,9.0
2608,8.0,0.0
2609,5.0,1.0
2610,2.0,2.0
2611,8.0,3.0
2612,4.0,4.0
2613,5.0,5.0
2614,0.0,6.0
2615,7.0,7.0
2616,6.0,8.0
2617,0.0,9.0
2618,0.0,0.0
2619,0.0,9.0
2620,3.0,5.0
2621,5.0,5.0
2622,6.0,6.0
2623,4.0,5.0
2624,0.0,0.0
2625,9.0,9.0
2626,3.0,8.0
2627,9.0,9.0
2628,0.0,8.0
2629,4.0,4.0
2630,1.0,1.0
2631,7.0,7.0
2632,4.0,7.0
2633,2.0,3.0
2634,5.0,5.0
2635,3.0,1.0
2636,0.0,0.0
2637,0.0,0.0
2638,2.0,2.0
2639,3.0,2.0
2640,4.0,7.0
2641,4.0,8.0
2642,2.0,2.0
2643,0.0,0.0
2644,6.0,1.0
2645,2.0,2.0
2646,6.0,6.0
2647,3.0,3.0
2648,3.0,3.0
2649,7.0,7.0
2650,7.0,7.0
2651,2.0,2.0
2652,8.0,8.0
2653,3.0,2.0
2654,2.0,2.0
2655,4.0,5.0
2656,7.0,7.0
2657,9.0,9.0
2658,5.0,5.0
2659,4.0,4.0
2660,5.0,8.0
2661,7.0,8.0
2662,4.0,4.0
2663,1.0,9.0
2664,0.0,0.0
2665,1.0,8.0
2666,7.0,9.0
2667,0.0,8.0
2668,0.0,0.0
2669,1.0,1.0
2670,2.0,2.0
2671,8.0,3.0
2672,4.0,4.0
2673,3.0,5.0
2674,3.0,6.0
2675,8.0,7.0
2676,4.0,8.0
2677,9.0,9.0
2678,4.0,0.0
2679,1.0,1.0
2680,2.0,2.0
2681,5.0,3.0
2682,4.0,4.0
2683,5.0,5.0
2684,9.0,6.0
2685,7.0,9.0
2686,0.0,0.0
2687,5.0,1.0
2688,2.0,2.0
2689,3.0,3.0
2690,4.0,4.0
2691,2.0,5.0
2692,0.0,6.0
2693,4.0,7.0
2694,8.0,8.0
2695,8.0,9.0
2696,2.0,0.0
2697,9.0,9.0
2698,3.0,5.0
2699,5.0,5.0
2700,5.0,7.0
2701,8.0,4.0
2702,8.0,6.0
2703,3.0,3.0
2704,1.0,1.0
2705,3.0,3.0
2706,1.0,9.0
2707,1.0,1.0
2708,9.0,7.0
2709,6.0,6.0
2710,8.0,8.0
2711,1.0,4.0
2712,3.0,3.0
2713,1.0,1.0
2714,4.0,4.0
2715,0.0,0.0
2716,5.0,5.0
2717,3.0,3.0
2718,8.0,6.0
2719,9.0,9.0
2720,6.0,6.0
2721,1.0,1.0
2722,7.0,7.0
2723,2.0,5.0
2724,4.0,4.0
2725,5.0,4.0
2726,4.0,7.0
2727,2.0,2.0
2728,8.0,2.0
2729,0.0,5.0
2730,9.0,7.0
2731,8.0,9.0
2732,5.0,5.0
2733,8.0,4.0
2734,4.0,4.0
2735,8.0,9.0
2736,0.0,0.0
2737,1.0,8.0
2738,1.0,9.0
2739,5.0,8.0
2740,0.0,0.0
2741,1.0,1.0
2742,2.0,2.0
2743,3.0,3.0
2744,1.0,4.0
2745,0.0,5.0
2746,6.0,6.0
2747,7.0,7.0
2748,7.0,8.0
2749,9.0,9.0
2750,8.0,3.0
2751,1.0,7.0
2752,4.0,3.0
2753,3.0,3.0
2754,4.0,4.0
2755,6.0,6.0
2756,6.0,6.0
2757,1.0,6.0
2758,9.0,4.0
2759,0.0,9.0
2760,1.0,1.0
2761,5.0,5.0
2762,0.0,0.0
2763,3.0,9.0
2764,0.0,5.0
2765,2.0,2.0
2766,5.0,8.0
2767,2.0,2.0
2768,4.0,0.0
2769,0.0,0.0
2770,1.0,1.0
2771,6.0,7.0
2772,0.0,6.0
2773,5.0,3.0
2774,2.0,2.0
2775,1.0,1.0
2776,0.0,7.0
2777,9.0,4.0
2778,6.0,6.0
2779,5.0,3.0
2780,5.0,1.0
2781,9.0,3.0
2782,9.0,9.0
2783,5.0,1.0
2784,5.0,7.0
2785,6.0,6.0
2786,3.0,8.0
2787,4.0,4.0
2788,8.0,3.0
2789,5.0,1.0
2790,4.0,4.0
2791,0.0,0.0
2792,8.0,5.0
2793,3.0,3.0
2794,6.0,6.0
2795,9.0,9.0
2796,6.0,6.0
2797,8.0,1.0
2798,1.0,7.0
2799,5.0,5.0
